id	created	contents
3	2022-10-03 14:53:32.742567+00	{"api_name": "gcp", "dataset_name": "rotten_tomatoes", "created": "14:53 03 October 2022", "num_samples": 50, "num_minutes": 0.23333333333333334, "accuracy": 0.7, "f1": 0.8235294117647058, "precision": 1.0, "recall": 0.7, "mistakes": [{"text": "you needn't be steeped in '50s sociology , pop culture or movie lore to appreciate the emotional depth of haynes' work . though haynes' style apes films from the period . . . its message is not rooted in that decade .", "label": 1, "prediction": 0, "magnitude": 1.2999999523162842}]}
4	2022-10-03 15:44:52.317663+00	{"api_name": "gcp", "dataset_name": "rotten_tomatoes", "created": "15:44 03 October 2022", "num_samples": 1066, "num_minutes": 3.966666666666667, "accuracy": 0.7776735459662288, "f1": 0.7705711519845111, "precision": 0.796, "recall": 0.7467166979362101, "mistakes": [{"text": "while the story does seem pretty unbelievable at times , it's awfully entertaining to watch .", "label": 1, "prediction": 0, "magnitude": 0.0}, {"text": "debut effort by \" project greenlight \" winner is sappy and amateurish .", "label": 0, "prediction": 1, "magnitude": 0.10000000149011612}]}
5	2022-10-04 11:03:54.157141+00	{"api_name": "gcp", "dataset_name": "rotten_tomatoes", "created": "11:03 04 October 2022", "num_samples": 1066, "num_minutes": 3.6166666666666667, "accuracy": 0.7776735459662288, "f1": 0.7705711519845111, "precision": 0.796, "recall": 0.7467166979362101, "mistakes": [{"text": "[an] absorbing documentary .", "label": 1, "prediction": 0, "magnitude": 0.0}, {"text": "in moonlight mile , no one gets shut out of the hug cycle .", "label": 0, "prediction": 1, "magnitude": 0.5}]}
8	2022-10-05 11:10:49.79118+00	{"api_name": "gcp", "dataset_name": "rotten_tomatoes", "created": "11:10 05 October 2022", "num_samples": 1066, "num_minutes": 10.483333333333333, "accuracy": 0.7776735459662288, "f1": 0.7705711519845111, "precision": 0.796, "recall": 0.7467166979362101, "mistakes": [{"text": "it was filled with shootings , beatings , and more cussing than you could shake a stick at .", "label": 1, "prediction": 0, "magnitude": 0.699999988079071}, {"text": "an extraordinarily silly thriller .", "label": 0, "prediction": 1, "magnitude": 0.6000000238418579}]}
9	2022-10-06 11:03:37.767947+00	{"api_name": "gcp", "dataset_name": "rotten_tomatoes", "created": "11:03 06 October 2022", "num_samples": 1066, "num_minutes": 3.2666666666666666, "accuracy": 0.7776735459662288, "f1": 0.7705711519845111, "precision": 0.796, "recall": 0.7467166979362101, "mistakes": [{"text": "if s&m seems like a strange route to true love , maybe it is , but it's to this film's ( and its makers' ) credit that we believe that that's exactly what these two people need to find each other -- and themselves .", "label": 1, "prediction": 0, "magnitude": 0.0}, {"text": "skillful as he is , mr . shyamalan is undone by his pretensions .", "label": 0, "prediction": 1, "magnitude": 1.2000000476837158}]}
10	2022-10-07 11:03:55.690527+00	{"api_name": "gcp", "dataset_name": "rotten_tomatoes", "created": "11:03 07 October 2022", "num_samples": 1066, "num_minutes": 3.533333333333333, "accuracy": 0.7776735459662288, "f1": 0.7705711519845111, "precision": 0.796, "recall": 0.7467166979362101, "mistakes": [{"text": "while the story does seem pretty unbelievable at times , it's awfully entertaining to watch .", "label": 1, "prediction": 0, "magnitude": 0.0}, {"text": "more trifle than triumph .", "label": 0, "prediction": 1, "magnitude": 0.10000000149011612}]}
11	2022-10-08 11:03:32.961583+00	{"api_name": "gcp", "dataset_name": "rotten_tomatoes", "created": "11:03 08 October 2022", "num_samples": 1066, "num_minutes": 3.25, "accuracy": 0.7776735459662288, "f1": 0.7705711519845111, "precision": 0.796, "recall": 0.7467166979362101, "mistakes": [{"text": "would you laugh if a tuba-playing dwarf rolled down a hill in a trash can ? do you chuckle at the thought of an ancient librarian whacking a certain part of a man's body ? if you answered yes , by all means enjoy the new guy .", "label": 1, "prediction": 0, "magnitude": 1.2000000476837158}, {"text": "in his determination to lighten the heavy subject matter , silberling also , to a certain extent , trivializes the movie with too many nervous gags and pratfalls .", "label": 0, "prediction": 1, "magnitude": 0.10000000149011612}]}
12	2022-10-09 11:04:31.513236+00	{"api_name": "gcp", "dataset_name": "rotten_tomatoes", "created": "11:04 09 October 2022", "num_samples": 1066, "num_minutes": 4.2, "accuracy": 0.7776735459662288, "f1": 0.7705711519845111, "precision": 0.796, "recall": 0.7467166979362101, "mistakes": [{"text": "you don't know whether to admire the film's stately nature and call it classicism or be exasperated by a noticeable lack of pace . or both .", "label": 1, "prediction": 0, "magnitude": 0.699999988079071}, {"text": "there are many definitions of 'time waster' but this movie must surely be one of them .", "label": 0, "prediction": 1, "magnitude": 0.30000001192092896}]}
13	2022-10-10 11:04:37.205928+00	{"api_name": "gcp", "dataset_name": "rotten_tomatoes", "created": "11:04 10 October 2022", "num_samples": 1066, "num_minutes": 4.266666666666667, "accuracy": 0.7776735459662288, "f1": 0.7705711519845111, "precision": 0.796, "recall": 0.7467166979362101, "mistakes": [{"text": "even though we know the outcome , the seesawing of the general's fate in the arguments of competing lawyers has the stomach-knotting suspense of a legal thriller , while the testimony of witnesses lends the film a resonant undertone of tragedy .", "label": 1, "prediction": 0, "magnitude": 0.30000001192092896}, {"text": "chen films the resolutely downbeat smokers only with every indulgent , indie trick in the book .", "label": 0, "prediction": 1, "magnitude": 0.20000000298023224}]}
14	2022-10-11 11:06:11.456068+00	{"api_name": "gcp", "dataset_name": "rotten_tomatoes", "created": "11:06 11 October 2022", "num_samples": 1066, "num_minutes": 5.833333333333333, "accuracy": 0.7776735459662288, "f1": 0.7705711519845111, "precision": 0.796, "recall": 0.7467166979362101, "mistakes": [{"text": "works because we're never sure if ohlinger's on the level or merely a dying , delusional man trying to get into the history books before he croaks .", "label": 1, "prediction": 0, "magnitude": 0.0}, {"text": "too daft by half . . . but supremely good natured .", "label": 0, "prediction": 1, "magnitude": 0.30000001192092896}]}
15	2022-10-12 11:04:49.519389+00	{"api_name": "gcp", "dataset_name": "rotten_tomatoes", "created": "11:04 12 October 2022", "num_samples": 1066, "num_minutes": 4.416666666666667, "accuracy": 0.7776735459662288, "f1": 0.7705711519845111, "precision": 0.796, "recall": 0.7467166979362101, "mistakes": [{"text": "often demented in a good way , but it is an uneven film for the most part .", "label": 1, "prediction": 0, "magnitude": 0.30000001192092896}, {"text": "more successful at relating history than in creating an emotionally complex , dramatically satisfying heroine", "label": 0, "prediction": 1, "magnitude": 0.800000011920929}]}
16	2022-10-13 11:03:49.845229+00	{"api_name": "gcp", "dataset_name": "rotten_tomatoes", "created": "11:03 13 October 2022", "num_samples": 1066, "num_minutes": 3.45, "accuracy": 0.7776735459662288, "f1": 0.7705711519845111, "precision": 0.796, "recall": 0.7467166979362101, "mistakes": [{"text": "has enough wit , energy and geniality to please not only the fanatical adherents on either side , but also people who know nothing about the subject and think they're not interested .", "label": 1, "prediction": 0, "magnitude": 0.5}, {"text": "an encouraging effort from mccrudden", "label": 0, "prediction": 1, "magnitude": 0.800000011920929}]}
17	2022-10-14 11:03:39.706908+00	{"api_name": "gcp", "dataset_name": "rotten_tomatoes", "created": "11:03 14 October 2022", "num_samples": 1066, "num_minutes": 3.3, "accuracy": 0.7776735459662288, "f1": 0.7705711519845111, "precision": 0.796, "recall": 0.7467166979362101, "mistakes": [{"text": "even though we know the outcome , the seesawing of the general's fate in the arguments of competing lawyers has the stomach-knotting suspense of a legal thriller , while the testimony of witnesses lends the film a resonant undertone of tragedy .", "label": 1, "prediction": 0, "magnitude": 0.30000001192092896}, {"text": "theological matters aside , the movie is so clumsily sentimental and ineptly directed it may leave you speaking in tongues .", "label": 0, "prediction": 1, "magnitude": 0.10000000149011612}]}
18	2022-10-15 11:03:42.691215+00	{"api_name": "gcp", "dataset_name": "rotten_tomatoes", "created": "11:03 15 October 2022", "num_samples": 1066, "num_minutes": 3.2666666666666666, "accuracy": 0.7776735459662288, "f1": 0.7705711519845111, "precision": 0.796, "recall": 0.7467166979362101, "mistakes": [{"text": "what's so striking about jolie's performance is that she never lets her character become a caricature -- not even with that radioactive hair .", "label": 1, "prediction": 0, "magnitude": 0.0}, {"text": "a wishy-washy melodramatic movie that shows us plenty of sturm und drung , but explains its characters' decisions only unsatisfactorily .", "label": 0, "prediction": 1, "magnitude": 0.10000000149011612}]}
19	2022-10-16 11:03:40.216055+00	{"api_name": "gcp", "dataset_name": "rotten_tomatoes", "created": "11:03 16 October 2022", "num_samples": 1066, "num_minutes": 3.316666666666667, "accuracy": 0.7776735459662288, "f1": 0.7705711519845111, "precision": 0.796, "recall": 0.7467166979362101, "mistakes": [{"text": "as well-acted and well-intentioned as all or nothing is , however , the film comes perilously close to being too bleak , too pessimistic and too unflinching for its own good .", "label": 1, "prediction": 0, "magnitude": 0.4000000059604645}, {"text": "the self-serious equilibrium makes its point too well ; a movie , like life , isn't much fun without the highs and lows .", "label": 0, "prediction": 1, "magnitude": 0.4000000059604645}]}
20	2022-10-17 11:03:29.24049+00	{"api_name": "gcp", "dataset_name": "rotten_tomatoes", "created": "11:03 17 October 2022", "num_samples": 1066, "num_minutes": 3.183333333333333, "accuracy": 0.7776735459662288, "f1": 0.7705711519845111, "precision": 0.796, "recall": 0.7467166979362101, "mistakes": [{"text": "the acting in pauline and paulette is good all round , but what really sets the film apart is debrauwer's refusal to push the easy emotional buttons .", "label": 1, "prediction": 0, "magnitude": 0.0}, {"text": "director kevin bray excels in breaking glass and marking off the \" miami vice \" checklist of power boats , latin music and dog tracks . he doesn't , however , deliver nearly enough of the show's trademark style and flash .", "label": 0, "prediction": 1, "magnitude": 0.5}]}
21	2022-10-18 11:04:35.393722+00	{"api_name": "gcp", "dataset_name": "rotten_tomatoes", "created": "11:04 18 October 2022", "num_samples": 1066, "num_minutes": 4.2, "accuracy": 0.7776735459662288, "f1": 0.7705711519845111, "precision": 0.796, "recall": 0.7467166979362101, "mistakes": [{"text": "would you laugh if a tuba-playing dwarf rolled down a hill in a trash can ? do you chuckle at the thought of an ancient librarian whacking a certain part of a man's body ? if you answered yes , by all means enjoy the new guy .", "label": 1, "prediction": 0, "magnitude": 1.2000000476837158}, {"text": "in moonlight mile , no one gets shut out of the hug cycle .", "label": 0, "prediction": 1, "magnitude": 0.5}]}
22	2022-10-19 11:04:54.034181+00	{"api_name": "gcp", "dataset_name": "rotten_tomatoes", "created": "11:04 19 October 2022", "num_samples": 1066, "num_minutes": 4.533333333333333, "accuracy": 0.7776735459662288, "f1": 0.7705711519845111, "precision": 0.796, "recall": 0.7467166979362101, "mistakes": [{"text": "tsai ming-liang's witty , wistful new film , what time is it there ? , is a temporal inquiry that shoulders its philosophical burden lightly .", "label": 1, "prediction": 0, "magnitude": 0.10000000149011612}, {"text": "the work of an exhausted , desiccated talent who can't get out of his own way .", "label": 0, "prediction": 1, "magnitude": 0.30000001192092896}]}
23	2022-10-20 11:04:01.077795+00	{"api_name": "gcp", "dataset_name": "rotten_tomatoes", "created": "11:03 20 October 2022", "num_samples": 1066, "num_minutes": 3.6666666666666665, "accuracy": 0.7776735459662288, "f1": 0.7705711519845111, "precision": 0.796, "recall": 0.7467166979362101, "mistakes": [{"text": "reminiscent of alfred hitchcock's thrillers , most of the scary parts in 'signs' occur while waiting for things to happen .", "label": 1, "prediction": 0, "magnitude": 0.5}, {"text": "the stunt work is top-notch ; the dialogue and drama often food-spittingly funny .", "label": 0, "prediction": 1, "magnitude": 0.8999999761581421}]}
24	2022-10-21 11:04:47.642472+00	{"api_name": "gcp", "dataset_name": "rotten_tomatoes", "created": "11:04 21 October 2022", "num_samples": 1066, "num_minutes": 4.433333333333334, "accuracy": 0.7776735459662288, "f1": 0.7705711519845111, "precision": 0.796, "recall": 0.7467166979362101, "mistakes": [{"text": "by the time it ends in a rush of sequins , flashbulbs , blaring brass and back-stabbing babes , it has said plenty about how show business has infiltrated every corner of society -- and not always for the better .", "label": 1, "prediction": 0, "magnitude": 0.10000000149011612}, {"text": "an extraordinarily silly thriller .", "label": 0, "prediction": 1, "magnitude": 0.6000000238418579}]}
25	2022-10-22 11:03:42.150503+00	{"api_name": "gcp", "dataset_name": "rotten_tomatoes", "created": "11:03 22 October 2022", "num_samples": 1066, "num_minutes": 3.316666666666667, "accuracy": 0.7776735459662288, "f1": 0.7705711519845111, "precision": 0.796, "recall": 0.7467166979362101, "mistakes": [{"text": "tsai ming-liang's witty , wistful new film , what time is it there ? , is a temporal inquiry that shoulders its philosophical burden lightly .", "label": 1, "prediction": 0, "magnitude": 0.10000000149011612}, {"text": "once the expectation of laughter has been quashed by whatever obscenity is at hand , even the funniest idea isn't funny .", "label": 0, "prediction": 1, "magnitude": 0.10000000149011612}]}
26	2022-10-23 11:03:48.283843+00	{"api_name": "gcp", "dataset_name": "rotten_tomatoes", "created": "11:03 23 October 2022", "num_samples": 1066, "num_minutes": 3.45, "accuracy": 0.7776735459662288, "f1": 0.7705711519845111, "precision": 0.796, "recall": 0.7467166979362101, "mistakes": [{"text": "you will likely prefer to keep on watching .", "label": 1, "prediction": 0, "magnitude": 0.0}, {"text": "the characters . . . are paper-thin , and their personalities undergo radical changes when it suits the script .", "label": 0, "prediction": 1, "magnitude": 0.20000000298023224}]}
27	2022-10-24 11:03:47.996918+00	{"api_name": "gcp", "dataset_name": "rotten_tomatoes", "created": "11:03 24 October 2022", "num_samples": 1066, "num_minutes": 3.433333333333333, "accuracy": 0.7776735459662288, "f1": 0.7705711519845111, "precision": 0.796, "recall": 0.7467166979362101, "mistakes": [{"text": "the film's desire to be liked sometimes undermines the possibility for an exploration of the thornier aspects of the nature/nurture argument in regards to homosexuality .", "label": 1, "prediction": 0, "magnitude": 0.20000000298023224}, {"text": "too daft by half . . . but supremely good natured .", "label": 0, "prediction": 1, "magnitude": 0.30000001192092896}]}
28	2022-10-25 11:03:53.560428+00	{"api_name": "gcp", "dataset_name": "rotten_tomatoes", "created": "11:03 25 October 2022", "num_samples": 1066, "num_minutes": 3.55, "accuracy": 0.7776735459662288, "f1": 0.7705711519845111, "precision": 0.796, "recall": 0.7467166979362101, "mistakes": [{"text": "your children will be occupied for 72 minutes .", "label": 1, "prediction": 0, "magnitude": 0.6000000238418579}, {"text": "you can tell almost immediately that welcome to collinwood isn't going to jell .", "label": 0, "prediction": 1, "magnitude": 0.10000000149011612}]}
29	2022-10-26 11:04:15.126414+00	{"api_name": "gcp", "dataset_name": "rotten_tomatoes", "created": "11:04 26 October 2022", "num_samples": 1066, "num_minutes": 3.9, "accuracy": 0.7776735459662288, "f1": 0.7705711519845111, "precision": 0.796, "recall": 0.7467166979362101, "mistakes": [{"text": "where this was lazy but enjoyable , a formula comedy redeemed by its stars , that is even lazier and far less enjoyable .", "label": 1, "prediction": 0, "magnitude": 0.4000000059604645}, {"text": "debut effort by \" project greenlight \" winner is sappy and amateurish .", "label": 0, "prediction": 1, "magnitude": 0.10000000149011612}]}
30	2022-10-27 11:04:18.21434+00	{"api_name": "gcp", "dataset_name": "rotten_tomatoes", "created": "11:04 27 October 2022", "num_samples": 1066, "num_minutes": 3.95, "accuracy": 0.7776735459662288, "f1": 0.7705711519845111, "precision": 0.796, "recall": 0.7467166979362101, "mistakes": [{"text": "crush is so warm and fuzzy you might be able to forgive its mean-spirited second half .", "label": 1, "prediction": 0, "magnitude": 0.5}, {"text": "cattaneo reworks the formula that made the full monty a smashing success . . . but neglects to add the magic that made it all work .", "label": 0, "prediction": 1, "magnitude": 0.699999988079071}]}
31	2022-10-28 11:04:29.418467+00	{"api_name": "gcp", "dataset_name": "rotten_tomatoes", "created": "11:04 28 October 2022", "num_samples": 1066, "num_minutes": 4.133333333333334, "accuracy": 0.7776735459662288, "f1": 0.7705711519845111, "precision": 0.796, "recall": 0.7467166979362101, "mistakes": [{"text": "what a dumb , fun , curiously adolescent movie this is .", "label": 1, "prediction": 0, "magnitude": 0.0}, {"text": "the satire is just too easy to be genuinely satisfying .", "label": 0, "prediction": 1, "magnitude": 0.6000000238418579}]}
32	2022-10-29 11:04:12.380288+00	{"api_name": "gcp", "dataset_name": "rotten_tomatoes", "created": "11:04 29 October 2022", "num_samples": 1066, "num_minutes": 3.85, "accuracy": 0.7776735459662288, "f1": 0.7705711519845111, "precision": 0.796, "recall": 0.7467166979362101, "mistakes": [{"text": "critics need a good laugh , too , and this too-extreme-for-tv rendition of the notorious mtv show delivers the outrageous , sickening , sidesplitting goods in steaming , visceral heaps .", "label": 1, "prediction": 0, "magnitude": 0.5}, {"text": "this is a children's film in the truest sense . it's packed with adventure and a worthwhile environmental message , so it's great for the kids . parents , on the other hand , will be ahead of the plot at all times , and there isn't enough clever innuendo to fil", "label": 0, "prediction": 1, "magnitude": 1.399999976158142}]}
33	2022-10-30 12:04:07.043071+00	{"api_name": "gcp", "dataset_name": "rotten_tomatoes", "created": "12:04 30 October 2022", "num_samples": 1066, "num_minutes": 3.75, "accuracy": 0.7776735459662288, "f1": 0.7705711519845111, "precision": 0.796, "recall": 0.7467166979362101, "mistakes": [{"text": "this kind of hands-on storytelling is ultimately what makes shanghai ghetto move beyond a good , dry , reliable textbook and what allows it to rank with its worthy predecessors .", "label": 1, "prediction": 0, "magnitude": 0.0}, {"text": "there are many definitions of 'time waster' but this movie must surely be one of them .", "label": 0, "prediction": 1, "magnitude": 0.30000001192092896}]}
34	2022-10-31 12:04:01.23544+00	{"api_name": "gcp", "dataset_name": "rotten_tomatoes", "created": "12:03 31 October 2022", "num_samples": 1066, "num_minutes": 3.683333333333333, "accuracy": 0.7776735459662288, "f1": 0.7705711519845111, "precision": 0.796, "recall": 0.7467166979362101, "mistakes": [{"text": "steven soderbergh doesn't remake andrei tarkovsky's solaris so much as distill it .", "label": 1, "prediction": 0, "magnitude": 0.4000000059604645}, {"text": "mushes the college-friends genre ( the big chill ) together with the contrivances and overwrought emotion of soap operas .", "label": 0, "prediction": 1, "magnitude": 0.4000000059604645}]}
35	2022-11-01 12:04:28.972891+00	{"api_name": "gcp", "dataset_name": "rotten_tomatoes", "created": "12:04 01 November 2022", "num_samples": 1066, "num_minutes": 4.133333333333334, "accuracy": 0.7776735459662288, "f1": 0.7705711519845111, "precision": 0.796, "recall": 0.7467166979362101, "mistakes": [{"text": "meant to reduce blake's philosophy into a tragic coming-of-age saga punctuated by bursts of animator todd mcfarlane's superhero dystopia .", "label": 1, "prediction": 0, "magnitude": 0.4000000059604645}, {"text": "while this one gets off with a good natured warning , future lizard endeavors will need to adhere more closely to the laws of laughter", "label": 0, "prediction": 1, "magnitude": 0.10000000149011612}]}
36	2022-11-02 12:04:14.317107+00	{"api_name": "gcp", "dataset_name": "rotten_tomatoes", "created": "12:04 02 November 2022", "num_samples": 1066, "num_minutes": 3.8833333333333333, "accuracy": 0.7776735459662288, "f1": 0.7705711519845111, "precision": 0.796, "recall": 0.7467166979362101, "mistakes": [{"text": "the pianist lacks the quick emotional connections of steven spielberg's schindler's list . but mr . polanski creates images even more haunting than those in mr . spielberg's 1993 classic .", "label": 1, "prediction": 0, "magnitude": 1.7999999523162842}, {"text": "an encouraging effort from mccrudden", "label": 0, "prediction": 1, "magnitude": 0.800000011920929}]}
37	2022-11-03 12:04:14.461135+00	{"api_name": "gcp", "dataset_name": "rotten_tomatoes", "created": "12:04 03 November 2022", "num_samples": 1066, "num_minutes": 3.8666666666666667, "accuracy": 0.7776735459662288, "f1": 0.7705711519845111, "precision": 0.796, "recall": 0.7467166979362101, "mistakes": [{"text": "it's about issues most adults have to face in marriage and i think that's what i liked about it -- the real issues tucked between the silly and crude storyline .", "label": 1, "prediction": 0, "magnitude": 0.20000000298023224}, {"text": "the entire movie is filled with deja vu moments .", "label": 0, "prediction": 1, "magnitude": 0.4000000059604645}]}
38	2022-11-04 12:04:11.832582+00	{"api_name": "gcp", "dataset_name": "rotten_tomatoes", "created": "12:04 04 November 2022", "num_samples": 1066, "num_minutes": 3.816666666666667, "accuracy": 0.7776735459662288, "f1": 0.7705711519845111, "precision": 0.796, "recall": 0.7467166979362101, "mistakes": [{"text": "this new zealand coming-of-age movie isn't really about anything . when it's this rich and luscious , who cares ?", "label": 1, "prediction": 0, "magnitude": 0.8999999761581421}, {"text": "a film that clearly means to preach exclusively to the converted .", "label": 0, "prediction": 1, "magnitude": 0.10000000149011612}]}
93	2022-11-27 12:03:47.677499+00	{"api_name": "gcp", "dataset_name": "rotten_tomatoes", "created": "12:03 27 November 2022", "num_samples": 1066, "num_minutes": 3.4833333333333334, "accuracy": 0.7776735459662288, "f1": 0.7705711519845111, "precision": 0.796, "recall": 0.7467166979362101, "mistakes": [{"text": "those who don't entirely 'get' godard's distinctive discourse will still come away with a sense of his reserved but existential poignancy .", "label": 1, "prediction": 0, "magnitude": 0.0}, {"text": "an encouraging effort from mccrudden", "label": 0, "prediction": 1, "magnitude": 0.800000011920929}]}
39	2022-11-05 12:03:53.391985+00	{"api_name": "gcp", "dataset_name": "rotten_tomatoes", "created": "12:03 05 November 2022", "num_samples": 1066, "num_minutes": 3.5166666666666666, "accuracy": 0.7776735459662288, "f1": 0.7705711519845111, "precision": 0.796, "recall": 0.7467166979362101, "mistakes": [{"text": "where this was lazy but enjoyable , a formula comedy redeemed by its stars , that is even lazier and far less enjoyable .", "label": 1, "prediction": 0, "magnitude": 0.4000000059604645}, {"text": "while hollywood ending has its share of belly laughs ( including a knockout of a closing line ) , the movie winds up feeling like a great missed opportunity .", "label": 0, "prediction": 1, "magnitude": 0.4000000059604645}]}
40	2022-11-06 12:03:55.789849+00	{"api_name": "gcp", "dataset_name": "rotten_tomatoes", "created": "12:03 06 November 2022", "num_samples": 1066, "num_minutes": 3.55, "accuracy": 0.7776735459662288, "f1": 0.7705711519845111, "precision": 0.796, "recall": 0.7467166979362101, "mistakes": [{"text": "the modern remake of dumas's story is long on narrative and ( too ) short on action .", "label": 1, "prediction": 0, "magnitude": 0.4000000059604645}, {"text": "ah , the travails of metropolitan life ! alas , another breathless movie about same !", "label": 0, "prediction": 1, "magnitude": 0.6000000238418579}]}
41	2022-11-07 12:04:56.149014+00	{"api_name": "gcp", "dataset_name": "rotten_tomatoes", "created": "12:04 07 November 2022", "num_samples": 1066, "num_minutes": 4.45, "accuracy": 0.7776735459662288, "f1": 0.7705711519845111, "precision": 0.796, "recall": 0.7467166979362101, "mistakes": [{"text": "would you laugh if a tuba-playing dwarf rolled down a hill in a trash can ? do you chuckle at the thought of an ancient librarian whacking a certain part of a man's body ? if you answered yes , by all means enjoy the new guy .", "label": 1, "prediction": 0, "magnitude": 1.2000000476837158}, {"text": "the film has too many spots where it's on slippery footing , but is acceptable entertainment for the entire family and one that's especially fit for the kiddies .", "label": 0, "prediction": 1, "magnitude": 0.10000000149011612}]}
42	2022-11-08 12:04:34.972674+00	{"api_name": "gcp", "dataset_name": "rotten_tomatoes", "created": "12:04 08 November 2022", "num_samples": 1066, "num_minutes": 4.233333333333333, "accuracy": 0.7776735459662288, "f1": 0.7705711519845111, "precision": 0.796, "recall": 0.7467166979362101, "mistakes": [{"text": "franco is an excellent choice for the walled-off but combustible hustler , but he does not give the transcendent performance sonny needs to overcome gaps in character development and story logic .", "label": 1, "prediction": 0, "magnitude": 0.5}, {"text": "the characters . . . are paper-thin , and their personalities undergo radical changes when it suits the script .", "label": 0, "prediction": 1, "magnitude": 0.20000000298023224}]}
43	2022-11-09 12:03:57.580538+00	{"api_name": "gcp", "dataset_name": "rotten_tomatoes", "created": "12:03 09 November 2022", "num_samples": 1066, "num_minutes": 3.6, "accuracy": 0.7776735459662288, "f1": 0.7705711519845111, "precision": 0.796, "recall": 0.7467166979362101, "mistakes": [{"text": "although i didn't hate this one , it's not very good either . it can be safely recommended as a video/dvd babysitter .", "label": 1, "prediction": 0, "magnitude": 1.2999999523162842}, {"text": "fessenden continues to do interesting work , and it would be nice to see what he could make with a decent budget . but the problem with wendigo , for all its effective moments , isn't really one of resources .", "label": 0, "prediction": 1, "magnitude": 1.5}]}
44	2022-11-10 12:04:11.300409+00	{"api_name": "gcp", "dataset_name": "rotten_tomatoes", "created": "12:04 10 November 2022", "num_samples": 1066, "num_minutes": 3.8, "accuracy": 0.7776735459662288, "f1": 0.7705711519845111, "precision": 0.796, "recall": 0.7467166979362101, "mistakes": [{"text": "can i admit xxx is as deep as a petri dish and as well-characterized as a telephone book but still say it was a guilty pleasure ?", "label": 1, "prediction": 0, "magnitude": 0.0}, {"text": "the densest distillation of roberts' movies ever made .", "label": 0, "prediction": 1, "magnitude": 0.20000000298023224}]}
45	2022-11-11 12:04:47.930372+00	{"api_name": "gcp", "dataset_name": "rotten_tomatoes", "created": "12:04 11 November 2022", "num_samples": 1066, "num_minutes": 4.416666666666667, "accuracy": 0.7776735459662288, "f1": 0.7705711519845111, "precision": 0.796, "recall": 0.7467166979362101, "mistakes": [{"text": "an old-fashioned but emotionally stirring adventure tale of the kind they rarely make anymore .", "label": 1, "prediction": 0, "magnitude": 0.0}, {"text": "the sort of picture in which , whenever one of the characters has some serious soul searching to do , they go to a picture-perfect beach during sunset .", "label": 0, "prediction": 1, "magnitude": 0.8999999761581421}]}
46	2022-11-12 12:04:11.360451+00	{"api_name": "gcp", "dataset_name": "rotten_tomatoes", "created": "12:04 12 November 2022", "num_samples": 1066, "num_minutes": 3.8, "accuracy": 0.7776735459662288, "f1": 0.7705711519845111, "precision": 0.796, "recall": 0.7467166979362101, "mistakes": [{"text": "those who don't entirely 'get' godard's distinctive discourse will still come away with a sense of his reserved but existential poignancy .", "label": 1, "prediction": 0, "magnitude": 0.0}, {"text": "[lee] treats his audience the same way that jim brown treats his women -- as dumb , credulous , unassuming , subordinate subjects . and lee seems just as expectant of an adoring , wide-smiling reception .", "label": 0, "prediction": 1, "magnitude": 1.2999999523162842}]}
47	2022-11-13 12:03:52.436663+00	{"api_name": "gcp", "dataset_name": "rotten_tomatoes", "created": "12:03 13 November 2022", "num_samples": 1066, "num_minutes": 3.55, "accuracy": 0.7776735459662288, "f1": 0.7705711519845111, "precision": 0.796, "recall": 0.7467166979362101, "mistakes": [{"text": ". . . a sweetly affecting story about four sisters who are coping , in one way or another , with life's endgame .", "label": 1, "prediction": 0, "magnitude": 0.30000001192092896}, {"text": "time literally stops on a dime in the tries-so-hard-to-be-cool \" clockstoppers , \" but that doesn't mean it still won't feel like the longest 90 minutes of your movie-going life .", "label": 0, "prediction": 1, "magnitude": 0.4000000059604645}]}
48	2022-11-14 12:03:53.233979+00	{"api_name": "gcp", "dataset_name": "rotten_tomatoes", "created": "12:03 14 November 2022", "num_samples": 1066, "num_minutes": 3.5166666666666666, "accuracy": 0.7776735459662288, "f1": 0.7705711519845111, "precision": 0.796, "recall": 0.7467166979362101, "mistakes": [{"text": "[an] absorbing documentary .", "label": 1, "prediction": 0, "magnitude": 0.0}, {"text": "exploring value choices is a worthwhile topic for a film -- but here the choices are as contrived and artificial as kerrigan's platinum-blonde hair .", "label": 0, "prediction": 1, "magnitude": 0.4000000059604645}]}
49	2022-11-15 12:04:39.895477+00	{"api_name": "gcp", "dataset_name": "rotten_tomatoes", "created": "12:04 15 November 2022", "num_samples": 1066, "num_minutes": 4.3, "accuracy": 0.7776735459662288, "f1": 0.7705711519845111, "precision": 0.796, "recall": 0.7467166979362101, "mistakes": [{"text": "with \" ichi the killer \" , takashi miike , japan's wildest filmmaker gives us a crime fighter carrying more emotional baggage than batman . . .", "label": 1, "prediction": 0, "magnitude": 0.6000000238418579}, {"text": "the characters . . . are paper-thin , and their personalities undergo radical changes when it suits the script .", "label": 0, "prediction": 1, "magnitude": 0.20000000298023224}]}
50	2022-11-16 12:05:05.425054+00	{"api_name": "gcp", "dataset_name": "rotten_tomatoes", "created": "12:04 16 November 2022", "num_samples": 1066, "num_minutes": 4.716666666666667, "accuracy": 0.7776735459662288, "f1": 0.7705711519845111, "precision": 0.796, "recall": 0.7467166979362101, "mistakes": [{"text": "mel gibson fights the good fight in vietnam in director randall wallace's flag-waving war flick with a core of decency .", "label": 1, "prediction": 0, "magnitude": 0.0}, {"text": "the campy results make mel brooks' borscht belt schtick look sophisticated .", "label": 0, "prediction": 1, "magnitude": 0.800000011920929}]}
51	2022-11-17 12:04:02.0699+00	{"api_name": "gcp", "dataset_name": "rotten_tomatoes", "created": "12:03 17 November 2022", "num_samples": 1066, "num_minutes": 3.65, "accuracy": 0.7776735459662288, "f1": 0.7705711519845111, "precision": 0.796, "recall": 0.7467166979362101, "mistakes": [{"text": "would you laugh if a tuba-playing dwarf rolled down a hill in a trash can ? do you chuckle at the thought of an ancient librarian whacking a certain part of a man's body ? if you answered yes , by all means enjoy the new guy .", "label": 1, "prediction": 0, "magnitude": 1.2000000476837158}, {"text": "chen films the resolutely downbeat smokers only with every indulgent , indie trick in the book .", "label": 0, "prediction": 1, "magnitude": 0.20000000298023224}]}
52	2022-11-18 12:04:29.612804+00	{"api_name": "gcp", "dataset_name": "rotten_tomatoes", "created": "12:04 18 November 2022", "num_samples": 1066, "num_minutes": 4.133333333333334, "accuracy": 0.7776735459662288, "f1": 0.7705711519845111, "precision": 0.796, "recall": 0.7467166979362101, "mistakes": [{"text": "while broomfield's film doesn't capture the effect of these tragic deaths on hip-hop culture , it succeeds as a powerful look at a failure of our justice system .", "label": 1, "prediction": 0, "magnitude": 0.5}, {"text": "this one aims for the toilet and scores a direct hit .", "label": 0, "prediction": 1, "magnitude": 0.30000001192092896}]}
53	2022-11-19 12:03:47.616353+00	{"api_name": "gcp", "dataset_name": "rotten_tomatoes", "created": "12:03 19 November 2022", "num_samples": 1066, "num_minutes": 3.4, "accuracy": 0.7776735459662288, "f1": 0.7705711519845111, "precision": 0.796, "recall": 0.7467166979362101, "mistakes": [{"text": "missteps take what was otherwise a fascinating , riveting story and send it down the path of the mundane .", "label": 1, "prediction": 0, "magnitude": 0.0}, {"text": "an \" o bruin , where art thou ? \" -style cross-country adventure . . . it has sporadic bursts of liveliness , some so-so slapstick and a few ear-pleasing songs on its soundtrack .", "label": 0, "prediction": 1, "magnitude": 1.100000023841858}]}
54	2022-11-20 12:04:21.240056+00	{"api_name": "gcp", "dataset_name": "rotten_tomatoes", "created": "12:04 20 November 2022", "num_samples": 1066, "num_minutes": 4.033333333333333, "accuracy": 0.7776735459662288, "f1": 0.7705711519845111, "precision": 0.796, "recall": 0.7467166979362101, "mistakes": [{"text": "the piano teacher is not an easy film . it forces you to watch people doing unpleasant things to each other and themselves , and it maintains a cool distance from its material that is deliberately unsettling .", "label": 1, "prediction": 0, "magnitude": 1.399999976158142}, {"text": "proves a lovely trifle that , unfortunately , is a little too in love with its own cuteness .", "label": 0, "prediction": 1, "magnitude": 0.5}]}
55	2022-11-21 12:03:57.595775+00	{"api_name": "gcp", "dataset_name": "rotten_tomatoes", "created": "12:03 21 November 2022", "num_samples": 1066, "num_minutes": 3.6, "accuracy": 0.7776735459662288, "f1": 0.7705711519845111, "precision": 0.796, "recall": 0.7467166979362101, "mistakes": [{"text": "i would be shocked if there was actually one correct interpretation , but that shouldn't make the movie or the discussion any less enjoyable .", "label": 1, "prediction": 0, "magnitude": 0.6000000238418579}, {"text": "time literally stops on a dime in the tries-so-hard-to-be-cool \" clockstoppers , \" but that doesn't mean it still won't feel like the longest 90 minutes of your movie-going life .", "label": 0, "prediction": 1, "magnitude": 0.4000000059604645}]}
88	2022-11-22 12:04:14.477449+00	{"api_name": "gcp", "dataset_name": "rotten_tomatoes", "created": "12:04 22 November 2022", "num_samples": 1066, "num_minutes": 3.816666666666667, "accuracy": 0.7776735459662288, "f1": 0.7705711519845111, "precision": 0.796, "recall": 0.7467166979362101, "mistakes": [{"text": "meant to reduce blake's philosophy into a tragic coming-of-age saga punctuated by bursts of animator todd mcfarlane's superhero dystopia .", "label": 1, "prediction": 0, "magnitude": 0.4000000059604645}, {"text": "the satire is just too easy to be genuinely satisfying .", "label": 0, "prediction": 1, "magnitude": 0.6000000238418579}]}
89	2022-11-23 12:04:30.535288+00	{"api_name": "gcp", "dataset_name": "rotten_tomatoes", "created": "12:04 23 November 2022", "num_samples": 1066, "num_minutes": 4.166666666666667, "accuracy": 0.7776735459662288, "f1": 0.7705711519845111, "precision": 0.796, "recall": 0.7467166979362101, "mistakes": [{"text": "red dragon \" never cuts corners .", "label": 1, "prediction": 0, "magnitude": 0.10000000149011612}, {"text": "mushes the college-friends genre ( the big chill ) together with the contrivances and overwrought emotion of soap operas .", "label": 0, "prediction": 1, "magnitude": 0.4000000059604645}]}
90	2022-11-24 12:04:13.989514+00	{"api_name": "gcp", "dataset_name": "rotten_tomatoes", "created": "12:04 24 November 2022", "num_samples": 1066, "num_minutes": 3.8833333333333333, "accuracy": 0.7776735459662288, "f1": 0.7705711519845111, "precision": 0.796, "recall": 0.7467166979362101, "mistakes": [{"text": "a high-spirited buddy movie about the reunion of berlin anarchists who face arrest 15 years after their crime .", "label": 1, "prediction": 0, "magnitude": 0.10000000149011612}, {"text": "the film has too many spots where it's on slippery footing , but is acceptable entertainment for the entire family and one that's especially fit for the kiddies .", "label": 0, "prediction": 1, "magnitude": 0.10000000149011612}]}
91	2022-11-25 12:03:50.106267+00	{"api_name": "gcp", "dataset_name": "rotten_tomatoes", "created": "12:03 25 November 2022", "num_samples": 1066, "num_minutes": 3.466666666666667, "accuracy": 0.7776735459662288, "f1": 0.7705711519845111, "precision": 0.796, "recall": 0.7467166979362101, "mistakes": [{"text": "it's like a \" big chill \" reunion of the baader-meinhof gang , only these guys are more harmless pranksters than political activists .", "label": 1, "prediction": 0, "magnitude": 0.20000000298023224}, {"text": "adroit but finally a trifle flat , mad love doesn't galvanize its outrage the way , say , jane campion might have done , but at least it possesses some .", "label": 0, "prediction": 1, "magnitude": 0.10000000149011612}]}
92	2022-11-26 12:03:52.470122+00	{"api_name": "gcp", "dataset_name": "rotten_tomatoes", "created": "12:03 26 November 2022", "num_samples": 1066, "num_minutes": 3.5, "accuracy": 0.7776735459662288, "f1": 0.7705711519845111, "precision": 0.796, "recall": 0.7467166979362101, "mistakes": [{"text": "a lovably old-school hollywood confection .", "label": 1, "prediction": 0, "magnitude": 0.0}, {"text": "an \" o bruin , where art thou ? \" -style cross-country adventure . . . it has sporadic bursts of liveliness , some so-so slapstick and a few ear-pleasing songs on its soundtrack .", "label": 0, "prediction": 1, "magnitude": 1.100000023841858}]}
94	2022-11-28 12:04:30.452822+00	{"api_name": "gcp", "dataset_name": "rotten_tomatoes", "created": "12:04 28 November 2022", "num_samples": 1066, "num_minutes": 4.15, "accuracy": 0.7776735459662288, "f1": 0.7705711519845111, "precision": 0.796, "recall": 0.7467166979362101, "mistakes": [{"text": "your children will be occupied for 72 minutes .", "label": 1, "prediction": 0, "magnitude": 0.6000000238418579}, {"text": "'es en verdad una pena que mandoki est\u00e9 realizando cintas tan malas desde hace alg\u00fan tiempo , pues talento tiene , pero qui\u00e9n sabe d\u00f3nde lo tiene escondido . '", "label": 0, "prediction": 1, "magnitude": 0.30000001192092896}]}
95	2022-11-29 12:03:36.282927+00	{"api_name": "gcp", "dataset_name": "rotten_tomatoes", "created": "12:03 29 November 2022", "num_samples": 1066, "num_minutes": 3.2333333333333334, "accuracy": 0.7776735459662288, "f1": 0.7705711519845111, "precision": 0.796, "recall": 0.7467166979362101, "mistakes": [{"text": "like many western action films , this thriller is too loud and thoroughly overbearing , but its heartfelt concern about north korea's recent past and south korea's future adds a much needed moral weight .", "label": 1, "prediction": 0, "magnitude": 0.10000000149011612}, {"text": "the satire is just too easy to be genuinely satisfying .", "label": 0, "prediction": 1, "magnitude": 0.6000000238418579}]}
96	2022-11-30 12:04:34.478521+00	{"api_name": "gcp", "dataset_name": "rotten_tomatoes", "created": "12:04 30 November 2022", "num_samples": 1066, "num_minutes": 4.183333333333334, "accuracy": 0.7776735459662288, "f1": 0.7705711519845111, "precision": 0.796, "recall": 0.7467166979362101, "mistakes": [{"text": "even though we know the outcome , the seesawing of the general's fate in the arguments of competing lawyers has the stomach-knotting suspense of a legal thriller , while the testimony of witnesses lends the film a resonant undertone of tragedy .", "label": 1, "prediction": 0, "magnitude": 0.30000001192092896}, {"text": "time literally stops on a dime in the tries-so-hard-to-be-cool \" clockstoppers , \" but that doesn't mean it still won't feel like the longest 90 minutes of your movie-going life .", "label": 0, "prediction": 1, "magnitude": 0.4000000059604645}]}
97	2022-12-01 12:04:39.250859+00	{"api_name": "gcp", "dataset_name": "rotten_tomatoes", "created": "12:04 01 December 2022", "num_samples": 1066, "num_minutes": 4.233333333333333, "accuracy": 0.7776735459662288, "f1": 0.7705711519845111, "precision": 0.796, "recall": 0.7467166979362101, "mistakes": [{"text": "the gags that fly at such a furiously funny pace that the only rip off that we were aware of was the one we felt when the movie ended so damned soon .", "label": 1, "prediction": 0, "magnitude": 0.20000000298023224}, {"text": "while hollywood ending has its share of belly laughs ( including a knockout of a closing line ) , the movie winds up feeling like a great missed opportunity .", "label": 0, "prediction": 1, "magnitude": 0.4000000059604645}]}
98	2022-12-05 00:03:49.554879+00	{"api_name": "gcp", "dataset_name": "rotten_tomatoes", "created": "00:03 05 December 2022", "num_samples": 1066, "num_minutes": 3.466666666666667, "accuracy": 0.7776735459662288, "f1": 0.7705711519845111, "precision": 0.796, "recall": 0.7467166979362101, "mistakes": [{"text": "it's about issues most adults have to face in marriage and i think that's what i liked about it -- the real issues tucked between the silly and crude storyline .", "label": 1, "prediction": 0, "magnitude": 0.20000000298023224}, {"text": "this is a children's film in the truest sense . it's packed with adventure and a worthwhile environmental message , so it's great for the kids . parents , on the other hand , will be ahead of the plot at all times , and there isn't enough clever innuendo to fil", "label": 0, "prediction": 1, "magnitude": 1.399999976158142}]}
99	2022-12-12 00:05:40.36568+00	{"api_name": "gcp", "dataset_name": "rotten_tomatoes", "created": "00:05 12 December 2022", "num_samples": 1066, "num_minutes": 5.3, "accuracy": 0.7776735459662288, "f1": 0.7705711519845111, "precision": 0.796, "recall": 0.7467166979362101, "mistakes": [{"text": "for more than two decades mr . nachtwey has traveled to places in the world devastated by war , famine and poverty and documented the cruelty and suffering he has found with an devastating , eloquent clarity .", "label": 1, "prediction": 0, "magnitude": 0.5}, {"text": "a film that will probably please people already fascinated by behan but leave everyone else yawning with admiration .", "label": 0, "prediction": 1, "magnitude": 0.10000000149011612}]}
100	2022-12-19 00:04:35.626022+00	{"api_name": "gcp", "dataset_name": "rotten_tomatoes", "created": "00:04 19 December 2022", "num_samples": 1066, "num_minutes": 4.15, "accuracy": 0.7776735459662288, "f1": 0.7705711519845111, "precision": 0.796, "recall": 0.7467166979362101, "mistakes": [{"text": "if you're in the right b-movie frame of mind , it may just scare the pants off you .", "label": 1, "prediction": 0, "magnitude": 0.30000001192092896}, {"text": "an extraordinarily silly thriller .", "label": 0, "prediction": 1, "magnitude": 0.6000000238418579}]}
101	2022-12-26 00:04:07.247029+00	{"api_name": "gcp", "dataset_name": "rotten_tomatoes", "created": "00:04 26 December 2022", "num_samples": 1066, "num_minutes": 3.716666666666667, "accuracy": 0.7776735459662288, "f1": 0.7705711519845111, "precision": 0.796, "recall": 0.7467166979362101, "mistakes": [{"text": "this kind of hands-on storytelling is ultimately what makes shanghai ghetto move beyond a good , dry , reliable textbook and what allows it to rank with its worthy predecessors .", "label": 1, "prediction": 0, "magnitude": 0.0}, {"text": "the movie obviously seeks to re-create the excitement of such '50s flicks as jules verne's '20 , 000 leagues under the sea' and the george pal version of h . g . wells' 'the time machine . ' but its storytelling prowess and special effects are both listless .", "label": 0, "prediction": 1, "magnitude": 1.2000000476837158}]}
102	2023-01-02 00:04:14.236636+00	{"api_name": "gcp", "dataset_name": "rotten_tomatoes", "created": "00:04 02 January 2023", "num_samples": 1066, "num_minutes": 3.816666666666667, "accuracy": 0.7776735459662288, "f1": 0.7705711519845111, "precision": 0.796, "recall": 0.7467166979362101, "mistakes": [{"text": "those of you who don't believe in santa claus probably also think that sequels can never capture the magic of the original . well , this movie proves you wrong on both counts .", "label": 1, "prediction": 0, "magnitude": 1.5}, {"text": "never again , while nothing special , is pleasant , diverting and modest -- definitely a step in the right direction .", "label": 0, "prediction": 1, "magnitude": 0.20000000298023224}]}
103	2023-01-09 00:03:50.474827+00	{"api_name": "gcp", "dataset_name": "rotten_tomatoes", "created": "00:03 09 January 2023", "num_samples": 1066, "num_minutes": 3.433333333333333, "accuracy": 0.7776735459662288, "f1": 0.7705711519845111, "precision": 0.796, "recall": 0.7467166979362101, "mistakes": [{"text": "as well-acted and well-intentioned as all or nothing is , however , the film comes perilously close to being too bleak , too pessimistic and too unflinching for its own good .", "label": 1, "prediction": 0, "magnitude": 0.4000000059604645}, {"text": "an extraordinarily silly thriller .", "label": 0, "prediction": 1, "magnitude": 0.6000000238418579}]}
104	2023-01-16 00:04:40.430466+00	{"api_name": "gcp", "dataset_name": "rotten_tomatoes", "created": "00:04 16 January 2023", "num_samples": 1066, "num_minutes": 4.216666666666667, "accuracy": 0.7776735459662288, "f1": 0.7705711519845111, "precision": 0.796, "recall": 0.7467166979362101, "mistakes": [{"text": "chouraqui brings documentary-like credibility to the horrors of the killing field and the barbarism of 'ethnic cleansing . '", "label": 1, "prediction": 0, "magnitude": 0.5}, {"text": "far-fetched premise , convoluted plot , and thematic mumbo jumbo about destiny and redemptive love .", "label": 0, "prediction": 1, "magnitude": 0.20000000298023224}]}
105	2023-01-23 00:04:11.64178+00	{"api_name": "gcp", "dataset_name": "rotten_tomatoes", "created": "00:04 23 January 2023", "num_samples": 1066, "num_minutes": 3.7666666666666666, "accuracy": 0.7776735459662288, "f1": 0.7705711519845111, "precision": 0.796, "recall": 0.7467166979362101, "mistakes": [{"text": "this new zealand coming-of-age movie isn't really about anything . when it's this rich and luscious , who cares ?", "label": 1, "prediction": 0, "magnitude": 0.8999999761581421}, {"text": "ah , the travails of metropolitan life ! alas , another breathless movie about same !", "label": 0, "prediction": 1, "magnitude": 0.6000000238418579}]}
106	2023-01-30 00:04:43.4698+00	{"api_name": "gcp", "dataset_name": "rotten_tomatoes", "created": "00:04 30 January 2023", "num_samples": 1066, "num_minutes": 4.333333333333333, "accuracy": 0.7776735459662288, "f1": 0.7705711519845111, "precision": 0.796, "recall": 0.7467166979362101, "mistakes": [{"text": "i would be shocked if there was actually one correct interpretation , but that shouldn't make the movie or the discussion any less enjoyable .", "label": 1, "prediction": 0, "magnitude": 0.6000000238418579}, {"text": "the sight of the name bruce willis brings to mind images of a violent battlefield action picture , but the film has a lot more on its mind--maybe too much .", "label": 0, "prediction": 1, "magnitude": 0.4000000059604645}]}
107	2023-02-06 00:04:09.697156+00	{"api_name": "gcp", "dataset_name": "rotten_tomatoes", "created": "00:04 06 February 2023", "num_samples": 1066, "num_minutes": 3.6666666666666665, "accuracy": 0.7776735459662288, "f1": 0.7705711519845111, "precision": 0.796, "recall": 0.7467166979362101, "mistakes": [{"text": "if we sometimes need comforting fantasies about mental illness , we also need movies like tim mccann's revolution no . 9 .", "label": 1, "prediction": 0, "magnitude": 0.20000000298023224}, {"text": "this movie plays like an extended dialogue exercise in retard 101 .", "label": 0, "prediction": 1, "magnitude": 0.10000000149011612}]}
108	2023-02-13 00:03:58.422105+00	{"api_name": "gcp", "dataset_name": "rotten_tomatoes", "created": "00:03 13 February 2023", "num_samples": 1066, "num_minutes": 3.6, "accuracy": 0.7776735459662288, "f1": 0.7705711519845111, "precision": 0.796, "recall": 0.7467166979362101, "mistakes": [{"text": "the rare imax movie that you'll wish was longer than an hour .", "label": 1, "prediction": 0, "magnitude": 0.10000000149011612}, {"text": "one of the most plain , unimaginative romantic comedies i've ever seen .", "label": 0, "prediction": 1, "magnitude": 0.4000000059604645}]}
109	2023-02-20 00:04:42.985497+00	{"api_name": "gcp", "dataset_name": "rotten_tomatoes", "created": "00:04 20 February 2023", "num_samples": 1066, "num_minutes": 4.266666666666667, "accuracy": 0.7776735459662288, "f1": 0.7705711519845111, "precision": 0.796, "recall": 0.7467166979362101, "mistakes": [{"text": "the strength of the film lies in its two central performances by sven wollter as the stricken composer and viveka seldahl as his desperate violinist wife .", "label": 1, "prediction": 0, "magnitude": 0.0}, {"text": "a film that plays things so nice 'n safe as to often play like a milquetoast movie of the week blown up for the big screen .", "label": 0, "prediction": 1, "magnitude": 0.800000011920929}]}
110	2023-02-27 00:03:56.42861+00	{"api_name": "gcp", "dataset_name": "rotten_tomatoes", "created": "00:03 27 February 2023", "num_samples": 1066, "num_minutes": 3.566666666666667, "accuracy": 0.7776735459662288, "f1": 0.7705711519845111, "precision": 0.796, "recall": 0.7467166979362101, "mistakes": [{"text": "if you're in the right b-movie frame of mind , it may just scare the pants off you .", "label": 1, "prediction": 0, "magnitude": 0.30000001192092896}, {"text": "a handsome but unfulfilling suspense drama more suited to a quiet evening on pbs than a night out at an amc .", "label": 0, "prediction": 1, "magnitude": 0.4000000059604645}]}
111	2023-03-06 00:04:01.163035+00	{"api_name": "gcp", "dataset_name": "rotten_tomatoes", "created": "00:03 06 March 2023", "num_samples": 1066, "num_minutes": 3.6, "accuracy": 0.7776735459662288, "f1": 0.7705711519845111, "precision": 0.796, "recall": 0.7467166979362101, "mistakes": [{"text": "the warnings to resist temptation in this film . . . are blunt and challenging and offer no easy rewards for staying clean .", "label": 1, "prediction": 0, "magnitude": 0.4000000059604645}, {"text": "the action quickly sinks into by-the-numbers territory .", "label": 0, "prediction": 1, "magnitude": 0.4000000059604645}]}
112	2023-03-13 00:04:22.996521+00	{"api_name": "gcp", "dataset_name": "rotten_tomatoes", "created": "00:04 13 March 2023", "num_samples": 1066, "num_minutes": 4.0, "accuracy": 0.7776735459662288, "f1": 0.7705711519845111, "precision": 0.796, "recall": 0.7467166979362101, "mistakes": [{"text": "steven soderbergh doesn't remake andrei tarkovsky's solaris so much as distill it .", "label": 1, "prediction": 0, "magnitude": 0.4000000059604645}, {"text": "like the tuck family themselves , this movie just goes on and on and on and on", "label": 0, "prediction": 1, "magnitude": 0.800000011920929}]}
113	2023-03-20 00:04:15.147337+00	{"api_name": "gcp", "dataset_name": "rotten_tomatoes", "created": "00:04 20 March 2023", "num_samples": 1066, "num_minutes": 3.9, "accuracy": 0.7776735459662288, "f1": 0.7705711519845111, "precision": 0.796, "recall": 0.7467166979362101, "mistakes": [{"text": "insomnia loses points when it surrenders to a formulaic bang-bang , shoot-em-up scene at the conclusion . but the performances of pacino , williams , and swank keep the viewer wide-awake all the way through .", "label": 1, "prediction": 0, "magnitude": 0.699999988079071}, {"text": "a feeble tootsie knockoff .", "label": 0, "prediction": 1, "magnitude": 0.10000000149011612}]}
114	2023-03-26 23:04:52.050509+00	{"api_name": "gcp", "dataset_name": "rotten_tomatoes", "created": "23:04 26 March 2023", "num_samples": 1066, "num_minutes": 4.45, "accuracy": 0.7776735459662288, "f1": 0.7705711519845111, "precision": 0.796, "recall": 0.7467166979362101, "mistakes": [{"text": "devotees of star trek ii : the wrath of khan will feel a nagging sense of deja vu , and the grandeur of the best next generation episodes is lacking .", "label": 1, "prediction": 0, "magnitude": 0.6000000238418579}, {"text": "once the expectation of laughter has been quashed by whatever obscenity is at hand , even the funniest idea isn't funny .", "label": 0, "prediction": 1, "magnitude": 0.10000000149011612}]}
115	2023-04-02 23:05:19.849698+00	{"api_name": "gcp", "dataset_name": "rotten_tomatoes", "created": "23:05 02 April 2023", "num_samples": 1066, "num_minutes": 4.933333333333334, "accuracy": 0.7776735459662288, "f1": 0.7705711519845111, "precision": 0.796, "recall": 0.7467166979362101, "mistakes": [{"text": "how i killed my father would be a rarity in hollywood . it's an actor's showcase that accomplishes its primary goal without the use of special effects , but rather by emphasizing the characters -- including the supporting ones .", "label": 1, "prediction": 0, "magnitude": 0.30000001192092896}, {"text": "the densest distillation of roberts' movies ever made .", "label": 0, "prediction": 1, "magnitude": 0.20000000298023224}]}
116	2023-04-09 23:08:11.865005+00	{"api_name": "gcp", "dataset_name": "rotten_tomatoes", "created": "23:08 09 April 2023", "num_samples": 1066, "num_minutes": 7.8, "accuracy": 0.7776735459662288, "f1": 0.7705711519845111, "precision": 0.796, "recall": 0.7467166979362101, "mistakes": [{"text": "the way home is an ode to unconditional love and compassion garnered from years of seeing it all , a condition only the old are privy to , and . . . often misconstrued as weakness .", "label": 1, "prediction": 0, "magnitude": 0.5}, {"text": "while hollywood ending has its share of belly laughs ( including a knockout of a closing line ) , the movie winds up feeling like a great missed opportunity .", "label": 0, "prediction": 1, "magnitude": 0.4000000059604645}]}
117	2023-04-16 23:04:53.320204+00	{"api_name": "gcp", "dataset_name": "rotten_tomatoes", "created": "23:04 16 April 2023", "num_samples": 1066, "num_minutes": 4.483333333333333, "accuracy": 0.7776735459662288, "f1": 0.7705711519845111, "precision": 0.796, "recall": 0.7467166979362101, "mistakes": [{"text": "examines its explosive subject matter as nonjudgmentally as wiseman's previous studies of inner-city high schools , hospitals , courts and welfare centers .", "label": 1, "prediction": 0, "magnitude": 0.0}, {"text": "the beautiful , unusual music is this film's chief draw , but its dreaminess may lull you to sleep .", "label": 0, "prediction": 1, "magnitude": 0.4000000059604645}]}
118	2023-04-23 23:07:57.76918+00	{"api_name": "gcp", "dataset_name": "rotten_tomatoes", "created": "23:07 23 April 2023", "num_samples": 1066, "num_minutes": 7.583333333333333, "accuracy": 0.7776735459662288, "f1": 0.7705711519845111, "precision": 0.796, "recall": 0.7467166979362101, "mistakes": [{"text": "steven soderbergh doesn't remake andrei tarkovsky's solaris so much as distill it .", "label": 1, "prediction": 0, "magnitude": 0.4000000059604645}, {"text": "an encouraging effort from mccrudden", "label": 0, "prediction": 1, "magnitude": 0.800000011920929}]}
119	2023-04-30 23:03:59.280218+00	{"api_name": "gcp", "dataset_name": "rotten_tomatoes", "created": "23:03 30 April 2023", "num_samples": 1066, "num_minutes": 3.6166666666666667, "accuracy": 0.7776735459662288, "f1": 0.7705711519845111, "precision": 0.796, "recall": 0.7467166979362101, "mistakes": [{"text": "[shyamalan] continues to cut a swathe through mainstream hollywood , while retaining an integrity and refusing to compromise his vision .", "label": 1, "prediction": 0, "magnitude": 0.10000000149011612}, {"text": "the venezuelans say things like \" si , pretty much \" and \" por favor , go home \" when talking to americans . that's muy loco , but no more ridiculous than most of the rest of \" dragonfly . \"", "label": 0, "prediction": 1, "magnitude": 0.800000011920929}]}
120	2023-05-07 23:06:07.75762+00	{"api_name": "gcp", "dataset_name": "rotten_tomatoes", "created": "23:06 07 May 2023", "num_samples": 1066, "num_minutes": 5.75, "accuracy": 0.7776735459662288, "f1": 0.7705711519845111, "precision": 0.796, "recall": 0.7467166979362101, "mistakes": [{"text": "making such a tragedy the backdrop to a love story risks trivializing it , though chouraqui no doubt intended the film to affirm love's power to help people endure almost unimaginable horror .", "label": 1, "prediction": 0, "magnitude": 0.5}, {"text": "the film didn't move me one way or the other , but it was an honest effort and if you want to see a flick about telemarketers this one will due .", "label": 0, "prediction": 1, "magnitude": 0.800000011920929}]}
121	2023-05-14 23:06:13.073221+00	{"api_name": "gcp", "dataset_name": "rotten_tomatoes", "created": "23:06 14 May 2023", "num_samples": 1066, "num_minutes": 5.816666666666666, "accuracy": 0.7776735459662288, "f1": 0.7705711519845111, "precision": 0.796, "recall": 0.7467166979362101, "mistakes": [{"text": "steven soderbergh doesn't remake andrei tarkovsky's solaris so much as distill it .", "label": 1, "prediction": 0, "magnitude": 0.4000000059604645}, {"text": "the satire is just too easy to be genuinely satisfying .", "label": 0, "prediction": 1, "magnitude": 0.6000000238418579}]}
122	2023-05-21 23:06:37.047114+00	{"api_name": "gcp", "dataset_name": "rotten_tomatoes", "created": "23:06 21 May 2023", "num_samples": 1066, "num_minutes": 6.25, "accuracy": 0.7776735459662288, "f1": 0.7705711519845111, "precision": 0.796, "recall": 0.7467166979362101, "mistakes": [{"text": "goldmember is funny enough to justify the embarrassment of bringing a barf bag to the moviehouse .", "label": 1, "prediction": 0, "magnitude": 0.0}, {"text": "the thing looks like a made-for-home-video quickie .", "label": 0, "prediction": 1, "magnitude": 0.10000000149011612}]}
123	2023-05-28 23:04:18.233+00	{"api_name": "gcp", "dataset_name": "rotten_tomatoes", "created": "23:04 28 May 2023", "num_samples": 1066, "num_minutes": 3.95, "accuracy": 0.7776735459662288, "f1": 0.7705711519845111, "precision": 0.796, "recall": 0.7467166979362101, "mistakes": [{"text": "what emerges is an unsettling picture of childhood innocence combined with indoctrinated prejudice . promises is a compelling piece that demonstrates just how well children can be trained to live out and carry on their parents' anguish .", "label": 1, "prediction": 0, "magnitude": 1.600000023841858}, {"text": "lyne's latest , the erotic thriller unfaithful , further demonstrates just how far his storytelling skills have eroded .", "label": 0, "prediction": 1, "magnitude": 0.20000000298023224}]}
124	2023-06-04 23:07:08.274366+00	{"api_name": "gcp", "dataset_name": "rotten_tomatoes", "created": "23:07 04 June 2023", "num_samples": 1066, "num_minutes": 6.75, "accuracy": 0.7776735459662288, "f1": 0.7705711519845111, "precision": 0.796, "recall": 0.7467166979362101, "mistakes": [{"text": "often demented in a good way , but it is an uneven film for the most part .", "label": 1, "prediction": 0, "magnitude": 0.30000001192092896}, {"text": "purports to be a hollywood satire but winds up as the kind of film that should be the target of something deeper and more engaging . oh , and more entertaining , too .", "label": 0, "prediction": 1, "magnitude": 1.100000023841858}]}
125	2023-06-11 23:06:25.439576+00	{"api_name": "gcp", "dataset_name": "rotten_tomatoes", "created": "23:06 11 June 2023", "num_samples": 1066, "num_minutes": 6.05, "accuracy": 0.7776735459662288, "f1": 0.7705711519845111, "precision": 0.796, "recall": 0.7467166979362101, "mistakes": [{"text": "claude chabrol's camera has a way of gently swaying back and forth as it cradles its characters , veiling tension beneath otherwise tender movements .", "label": 1, "prediction": 0, "magnitude": 0.10000000149011612}, {"text": "while this one gets off with a good natured warning , future lizard endeavors will need to adhere more closely to the laws of laughter", "label": 0, "prediction": 1, "magnitude": 0.10000000149011612}]}
126	2023-06-18 23:05:50.095225+00	{"api_name": "gcp", "dataset_name": "rotten_tomatoes", "created": "23:05 18 June 2023", "num_samples": 1066, "num_minutes": 5.483333333333333, "accuracy": 0.7776735459662288, "f1": 0.7705711519845111, "precision": 0.796, "recall": 0.7467166979362101, "mistakes": [{"text": "making such a tragedy the backdrop to a love story risks trivializing it , though chouraqui no doubt intended the film to affirm love's power to help people endure almost unimaginable horror .", "label": 1, "prediction": 0, "magnitude": 0.5}, {"text": "the characters . . . are paper-thin , and their personalities undergo radical changes when it suits the script .", "label": 0, "prediction": 1, "magnitude": 0.20000000298023224}]}
127	2023-06-25 23:04:54.078591+00	{"api_name": "gcp", "dataset_name": "rotten_tomatoes", "created": "23:04 25 June 2023", "num_samples": 1066, "num_minutes": 4.5, "accuracy": 0.7776735459662288, "f1": 0.7705711519845111, "precision": 0.796, "recall": 0.7467166979362101, "mistakes": [{"text": "claude chabrol's camera has a way of gently swaying back and forth as it cradles its characters , veiling tension beneath otherwise tender movements .", "label": 1, "prediction": 0, "magnitude": 0.10000000149011612}, {"text": "ah , the travails of metropolitan life ! alas , another breathless movie about same !", "label": 0, "prediction": 1, "magnitude": 0.6000000238418579}]}
128	2023-07-02 23:04:51.273054+00	{"api_name": "gcp", "dataset_name": "rotten_tomatoes", "created": "23:04 02 July 2023", "num_samples": 1066, "num_minutes": 4.466666666666667, "accuracy": 0.7776735459662288, "f1": 0.7705711519845111, "precision": 0.796, "recall": 0.7467166979362101, "mistakes": [{"text": "meant to reduce blake's philosophy into a tragic coming-of-age saga punctuated by bursts of animator todd mcfarlane's superhero dystopia .", "label": 1, "prediction": 0, "magnitude": 0.4000000059604645}, {"text": "proves a lovely trifle that , unfortunately , is a little too in love with its own cuteness .", "label": 0, "prediction": 1, "magnitude": 0.5}]}
129	2023-07-09 23:04:19.06562+00	{"api_name": "gcp", "dataset_name": "rotten_tomatoes", "created": "23:04 09 July 2023", "num_samples": 1066, "num_minutes": 3.9166666666666665, "accuracy": 0.7776735459662288, "f1": 0.7705711519845111, "precision": 0.796, "recall": 0.7467166979362101, "mistakes": [{"text": "for more than two decades mr . nachtwey has traveled to places in the world devastated by war , famine and poverty and documented the cruelty and suffering he has found with an devastating , eloquent clarity .", "label": 1, "prediction": 0, "magnitude": 0.5}, {"text": "far-fetched premise , convoluted plot , and thematic mumbo jumbo about destiny and redemptive love .", "label": 0, "prediction": 1, "magnitude": 0.20000000298023224}]}
130	2023-07-16 23:04:39.004074+00	{"api_name": "gcp", "dataset_name": "rotten_tomatoes", "created": "23:04 16 July 2023", "num_samples": 1066, "num_minutes": 4.266666666666667, "accuracy": 0.7776735459662288, "f1": 0.7705711519845111, "precision": 0.796, "recall": 0.7467166979362101, "mistakes": [{"text": "an old-fashioned but emotionally stirring adventure tale of the kind they rarely make anymore .", "label": 1, "prediction": 0, "magnitude": 0.0}, {"text": "skillful as he is , mr . shyamalan is undone by his pretensions .", "label": 0, "prediction": 1, "magnitude": 1.2000000476837158}]}
131	2023-07-23 23:04:05.290204+00	{"api_name": "gcp", "dataset_name": "rotten_tomatoes", "created": "23:04 23 July 2023", "num_samples": 1066, "num_minutes": 3.7, "accuracy": 0.7776735459662288, "f1": 0.7705711519845111, "precision": 0.796, "recall": 0.7467166979362101, "mistakes": [{"text": "the way home is an ode to unconditional love and compassion garnered from years of seeing it all , a condition only the old are privy to , and . . . often misconstrued as weakness .", "label": 1, "prediction": 0, "magnitude": 0.5}, {"text": "it takes you somewhere you're not likely to have seen before , but beneath the exotic surface ( and exotic dancing ) it's surprisingly old-fashioned .", "label": 0, "prediction": 1, "magnitude": 0.8999999761581421}]}
